Tidsmerke,Skriv inn ett sp√∏rsm√•l ,Skriv inn svar p√• sp√∏rsm√•let.
28.09.2023 kl. 10.26.01,Skal vi l√¶re √• bruke React? ,Hvis du vil.
28.09.2023 kl. 10.25.50,Skal vi l√¶re √• bruke React?,"Ja, i VG2 skal vi begynne √• l√¶re om React."
28.09.2023 kl. 10.27.43,Skal vi l√¶re √• bruke React?,I VG2 ja.
28.09.2023 kl. 10.35.00,Skal vi l√¶re √• bruke React?,I dine dr√∏mmer kanskje.
28.09.2023 kl. 10.30.18,Skal vi lage spill?,Vi skal ha litt om spillutvikling i VG2 ja.
28.09.2023 kl. 10.31.41,Skal vi lage spill?,muligens p√• VG2 .
28.09.2023 kl. 10.32.09,Skal vi lage spill?,Nei... Kanskje...
28.09.2023 kl. 10.38.52,Skal vi lage spill?,"Hvis du vil, ikke i fagene egt."
28.09.2023 kl. 10.28.13,Skal vi jobbe med PHP eller Firebase n√•r vi lager databaser? ,Du kan velge selv hvis du f√•r lov av l√¶rer.
28.09.2023 kl. 10.28.35,Skal vi jobbe med PHP eller Firebase n√•r vi lager databaser?,"Ja, det er mulig √• velge mellom PHP og Firebase, men det er anbefalt √• l√¶re begge. "
28.09.2023 kl. 10.30.15,Skal vi jobbe med PHP eller Firebase n√•r vi lager databaser?,ja dere skal jobbe med databaser.
28.09.2023 kl. 10.31.12,Skal vi jobbe med PHP eller Firebase n√•r vi lager databaser?,Ja.
28.09.2023 kl. 10.38.14,Skal vi jobbe med PHP eller Firebase n√•r vi lager databaser?,Ja
28.09.2023 kl. 10.51.11,Skal vi jobbe med PHP eller Firebase n√•r vi lager databaser?,Det ang√•r hva l√¶reren din tenker men vi brukte Firebase for √• lage databaser n√¶r slutten av skole√•ret men p√• starten av √•ret brukte vi PHP og sqle.
28.09.2023 kl. 14.12.04,Skal vi delta i streamen?,Vi i VG2 har hovedansvar med planleggingen og opplegget. Dere i VG1 skal delta i streamen for √• l√¶re dere litt om det siden dere skal gj√∏re det neste √•r.
28.09.2023 kl. 10.24.33,Plis si at vi ikke skal bruke cisco packet tracer. ,Du skal det.
28.09.2023 kl. 10.24.07,Plis si at vi ikke skal bruke cisco packet tracer.,Dessverre s√• m√• vi det :(
28.09.2023 kl. 10.25.31,Plis si at vi ikke skal bruke cisco packet tracer.,Kan ikke si det. üòî
28.09.2023 kl. 10.31.54,Plis si at vi ikke skal bruke cisco packet tracer.,"Min venn, du er doomed. Cisco er mainstream i vg2."
28.09.2023 kl. 10.22.18,N√•r kommer livsgleden tilbake? ,Aldri.
28.09.2023 kl. 10.21.02,N√•r kommer livsgleden tilbake?,Aldri
28.09.2023 kl. 10.21.34,N√•r kommer livsgleden tilbake?,Mest sannsynlig aldri.
28.09.2023 kl. 10.22.01,N√•r kommer livsgleden tilbake?,aldri
28.09.2023 kl. 10.22.17,N√•r kommer livsgleden tilbake?,Aldri
28.09.2023 kl. 10.24.29,N√•r kommer livsgleden tilbake?,"Sp√∏rs p√• hva du velger, media e livsglede utvikling e penger."
28.09.2023 kl. 10.27.06,N√•r kommer livsgleden tilbake?,Livsglede kommer n√•r du ikke jobber gratis.
28.09.2023 kl. 14.11.24,N√•r er streamen?,"Uke 51, dato er ikke bestemt enda, mer informasjon ligger p√• stream-info-2023 p√• amalie skram im linjen discord serveren."
28.09.2023 kl. 10.21.59,M√• man kunne koding fra f√∏r av? ,"Nei, du trenger ikke kunne koding fra f√∏r av."
28.09.2023 kl. 10.20.31,M√• man kunne koding fra f√∏r av?,"Nei, man l√¶rer nok hvis man f√∏lger med i timene. Det er derimot viktig √• v√¶re engasjert i det og pr√∏ve √• gj√∏re litt p√• fritiden."
28.09.2023 kl. 10.20.55,M√• man kunne koding fra f√∏r av?,"Nei, man begynner fra scratch med √• l√¶re basic html og css."
28.09.2023 kl. 10.20.56,M√• man kunne koding fra f√∏r av?,"nei, man m√• ikke kunne noe koding fra f√∏r, men det hjelper self√∏lgelig hvis man kan litt fra f√∏r."
28.09.2023 kl. 10.23.23,M√• man kunne koding fra f√∏r av?,Nei ikke egt.
28.09.2023 kl. 10.46.22,M√• man kunne koding fra f√∏r av?,Du trenger ikke √• kunne koding fra f√∏r av for √• v√¶re med p√• programmerings timene men det kan hjelpe.
28.09.2023 kl. 10.26.11,L√¶rer man spillprogrammering? ,Ikke i vg1
28.09.2023 kl. 10.26.04,L√¶rer man spillprogrammering?,"Ja, vi skal l√¶re litt om spillutvikling i VG2."
28.09.2023 kl. 10.28.01,L√¶rer man spillprogrammering?,"Nei, kanskje i VG2."
28.09.2023 kl. 10.35.16,L√¶rer man spillprogrammering?,I dine dr√∏mmer kanskje.
28.09.2023 kl. 10.35.29,L√¶rer man spillprogrammering?,Nei ikke egentlig.
28.09.2023 kl. 10.22.09,L√¶rer man koding? ,"Ja, men du l√¶rer mest p√• egen hand. F√•r projekter og jobber med dem."
28.09.2023 kl. 10.20.47,L√¶rer man koding?,"Ja, man begynner tidlig med koding i konseptutvikling timene."
28.09.2023 kl. 10.21.16,L√¶rer man koding?,"Ja, man l√¶rer √• kode nettsider med html, css, og javascript."
28.09.2023 kl. 10.21.32,L√¶rer man koding?,"ja, men man l√¶rer det meste p√• egen tid."
28.09.2023 kl. 10.23.59,L√¶rer man koding?,"Ja, man l√¶rer web development"
28.09.2023 kl. 10.29.00,"L√¶rer man andre kodespr√•k enn HTML, CSS, JS og PHP?",Vi l√¶rer ikke s√• mye mer enn det. Du l√¶rer litt Python i teknologiforst√•else.
28.09.2023 kl. 10.31.43,"L√¶rer man andre kodespr√•k enn HTML, CSS, JS og PHP?",Nei.
28.09.2023 kl. 10.38.31,"L√¶rer man andre kodespr√•k enn HTML, CSS, JS og PHP?",ikke egt
28.09.2023 kl. 10.40.29,"L√¶rer man andre kodespr√•k enn HTML, CSS, JS og PHP?",Du kommer til √• l√¶re deg lit python i matte og teknologiforst√•else.
28.09.2023 kl. 10.28.22,L√¶rer jeg √• hacke? ,Nei.
28.09.2023 kl. 10.23.39,L√¶rer jeg √• hacke?,Nah
28.09.2023 kl. 10.28.47,L√¶rer jeg √• hacke?,Dessverre ikke.
28.09.2023 kl. 10.30.46,L√¶rer jeg √• hacke?,"nei, du l√¶rer ingen penetration hacks eller generelle hacking skills."
28.09.2023 kl. 10.31.26,L√¶rer jeg √• hacke?,Nei.
28.09.2023 kl. 10.38.24,L√¶rer jeg √• hacke?,Metasploit... neida
28.09.2023 kl. 10.23.54,L√¶rer dere √• bruke hagle? ,Dessverre ikke.
28.09.2023 kl. 10.22.51,L√¶rer dere √• bruke hagle?,P√• egen h√•nd. M√• ha noe √• se fram til n√•r jeg kommer hjem
28.09.2023 kl. 10.23.16,L√¶rer dere √• bruke hagle?,Dessverre ikke.
28.09.2023 kl. 10.23.47,L√¶rer dere √• bruke hagle?,desverre ikke.
28.09.2023 kl. 10.24.33,L√¶rer dere √• bruke hagle?,"Nei, desverre. Kan anbefale YouTube."
28.09.2023 kl. 10.29.34,L√¶rer dere √• bruke hagle,Niet.
28.09.2023 kl. 10.27.33,L√¶rer dere NUXT? ,"Du kan bruke det, men vi l√¶rer det ikke. "
28.09.2023 kl. 10.27.40,L√¶rer dere NUXT?,Nei
28.09.2023 kl. 10.29.14,L√¶rer dere NUXT?,"nei, ikke p√• skolen men man kan l√¶re det p√• fritiden."
28.09.2023 kl. 10.30.18,L√¶rer dere NUXT?,"Nei, men du kan sp√∏rre H√•kon."
28.09.2023 kl. 10.37.30,L√¶rer dere NUXT?,"Du kan l√¶re det selv, men ikke egentlig."
28.09.2023 kl. 10.35.06,Kommer vi til √• gj√∏re noe relatert til IT-drift under VG1 utenom YFF-dagene?,"Nei, ikke i vg1 men i vg2 s√• f√•r du driftst√∏tte og da jobber du med det utenom yff"
28.09.2023 kl. 10.35.11,Kommer vi til √• gj√∏re noe relatert til IT-drift under VG1 utenom YFF-dagene?,Nei.
28.09.2023 kl. 10.38.15,Kommer vi til √• gj√∏re noe relatert til IT-drift under VG1 utenom YFF-dagene?,"Nei, for det meste s√• er det p√• YFF-dagene men noen veldig f√• ganger i teknologiforst√•else vis alt g√•r som det skal."
28.09.2023 kl. 10.38.49,Kommer vi til √• gj√∏re noe relatert til IT-drift under VG1 utenom YFF-dagene?,Nei.
28.09.2023 kl. 10.41.08,Kommer vi til √• gj√∏re noe relatert til IT-drift under VG1 utenom YFF-dagene?,Nei ikke egentlig
28.09.2023 kl. 10.36.07,Kommer vi til √• gj√∏re noe relatert til Brukerst√∏te under VG1 utenom YFF-dagene?,"Nei, for det meste er det bare YFF og noen veldig f√• ganger i teknologiforst√•else."
28.09.2023 kl. 14.11.02,Kommer vi til √• bruke databaser?,"Ja, men dere f√•r nok ett annet spr√•k enn php"
28.09.2023 kl. 10.25.39,Kommer vi til gj√∏re mer med RasperyPI under resten av skole√•ret? ,Vet ikke.
28.09.2023 kl. 10.25.27,Kommer vi til gj√∏re mer med RasperyPI under resten av skole√•ret?,"Nei, det meste er det du f√•r gjort i teknologiforst√•else."
28.09.2023 kl. 10.26.24,Kommer vi til gj√∏re mer med RasperyPI under resten av skole√•ret?,"nei, vi bruker det bare en liten periode i vg1 og ikke noe mer."
28.09.2023 kl. 10.27.20,Kommer vi til gj√∏re mer med RasperyPI under resten av skole√•ret?,"Mest sannsynlig ikke, kanskje litt."
28.09.2023 kl. 10.34.25,Kommer vi til gj√∏re mer med RasperyPI under resten av skole√•ret?,"Litt, men ikke h√•p p√• noe."
28.09.2023 kl. 10.32.01,Kommer de IT-relaterte timene til √• bare best√• av IT-utvikling?,"Nesten alle de IT relaterte timene bestod av IT-utviklings ting som programmering utenom YFF-timen ang√•ende hvor du har praksis og hva du har det i, hvis du har en praksisplass."
28.09.2023 kl. 10.33.55,Kommer de IT-relaterte timene til √• bare best√• av IT-utvikling utenom YFF?,"Ja, de kommer for det meste √• best√• av IT-utviklings ting som programering."
28.09.2023 kl. 10.29.17,Kan man sp√∏rre dere om hjelp? ,Ja.
28.09.2023 kl. 10.32.49,Kan man sp√∏rre dere om hjelp?,"nei, vi har nokk √• gj√∏re selv, bruk chatgpt"
28.09.2023 kl. 10.33.13,Kan man sp√∏rre dere om hjelp?,"Ja, men ikke forvent svar."
28.09.2023 kl. 10.34.05,Kan man sp√∏rre dere om hjelp?,"Ja, men ikke forvent noe tilbake."
28.09.2023 kl. 10.40.05,Kan man sp√∏rre dere om hjelp?,Nei
28.09.2023 kl. 14.01.31,Kan jeg f√• admin i discorden?,Nei.
28.09.2023 kl. 10.23.45,"Jeg har mistet livsgleden, hvor kan jeg finne den? ",Du kan ikke finne den.
28.09.2023 kl. 10.23.06,"Jeg har mistet livsgleden, hvor kan jeg finne den?",Ikke her hvertfall.
28.09.2023 kl. 10.23.30,"Jeg har mistet livsgleden, hvor kan jeg finne den?","ikke se etter den, du kommer ikke til √• finne den."
28.09.2023 kl. 10.24.15,"Jeg har mistet livsgleden, hvor kan jeg finne den?",Databrus.
28.09.2023 kl. 10.29.17,"Jeg har mistet livsgleden, hvor kan jeg finne den?",S√• lenge du ikke ender opp p√• stusp s√• klarer du deg. Ta deg en tur til bystasjonen og kj√∏p en dobbel quarter cheese bacon king s√• blir livet bedre.
28.09.2023 kl. 10.24.53,"Jeg har haglelyst etter InDesign, hvordan fjerner jeg denne lysten? ",Det kan du ikke.
28.09.2023 kl. 10.24.30,"Jeg har haglelyst etter InDesign, hvordan fjerner jeg denne lysten?","Hagle, pure Colobian cocain og energidrikk pleier √• funke."
28.09.2023 kl. 10.24.57,"Jeg har haglelyst etter InDesign, hvordan fjerner jeg denne lysten?",man kan ikke fjerne det
28.09.2023 kl. 10.26.08,"Jeg har haglelyst etter InDesign, hvordan fjerner jeg denne lysten?","Kan pr√∏ve med energidrikk og kokain, men det er mest sannsynlig nyttel√∏st."
28.09.2023 kl. 10.32.49,"Jeg har haglelyst etter InDesign, hvordan fjerner jeg denne lysten?",Ctrl + Alt + Delete / Tau 
28.09.2023 kl. 13.58.25,Jeg er usikker p√• hvilke linje jeg b√∏r g√• etter VG1,"Jeg har ikke erfaring om hva media VG2 driver med, men fra VG2 ITK s√• jobber vi mye med nettverk, hvordan de funker og de forskjellige komponentene i et, nettside programmering, databaser (smerte) og brukerst√∏tte. Hvis du trives mer med disse delene i VG1, s√• er ITK VG2 plassen du b√∏r s√∏ke!"
28.09.2023 kl. 10.23.40,Hvorfor l√¶rer vi InDesign?,InDesign er en standard som er brukt i en del produksjoner og er en del av Adobe Pakken. Det er nyttig √• vite litt om i tilfelle man trenger det senere
28.09.2023 kl. 10.25.04,Hvorfor l√¶rer vi InDesign?,Hvorfor sp√∏r du om det samme hele tiden?
28.09.2023 kl. 10.25.24,Hvorfor l√¶rer vi InDesign?,Vi l√¶rer InDesign s√•nn at vi l√¶rer oss litt om media design s√•nn at man er bedre forberedt vis man velger media i VG2 og s√•nn at man for en smak av det man gj√∏r i media s√•nn at man er mer sikker p√• hva man vil velge for VG2.
28.09.2023 kl. 10.26.38,Hvorfor l√¶rer vi InDesign?,Bruk figma
28.09.2023 kl. 10.30.16,Hvorfor l√¶rer vi Indesign?,Du sp√∏r godt.
28.09.2023 kl. 10.27.53,"Hvorfor kan ikke l√¶reren min IT, n√•r de utdanner meg i IT?",Fordi VG1 er en blanding av masse greier.
28.09.2023 kl. 10.28.09,"Hvorfor kan ikke l√¶reren min IT, n√•r de utdanner meg i IT?",Fordi dette er en ny linje og ingen som kan skikkelig koding har lyst til √• bli l√¶rere. 
28.09.2023 kl. 10.29.43,"Hvorfor kan ikke l√¶reren min IT, n√•r de utdanner meg i IT?","Det er et veldig godt sp√∏rsm√•l, det meste vi l√¶rer p√• IT er l√¶rt av YT videoer."
28.09.2023 kl. 10.30.42,"Hvorfor kan ikke l√¶reren min IT, n√•r de utdanner meg i IT?",Fordi hvis de hadde kunnet det s√• hadde de ikke v√¶rt l√¶rer.
28.09.2023 kl. 10.37.57,"Hvorfor kan ikke l√¶reren min IT, n√•r de utdanner meg i IT?",Rip
28.09.2023 kl. 13.59.52,hvorfor har vi en dag med yff?,"YFF gir elever muligheten til √• fordype seg i faget, og en dag i en bedrift gir arbeidserfaring for elever og er bra √• ha med p√• CV-en."
28.09.2023 kl. 14.05.56,Hvorfor er √òyvind Solberg s√• utrolig kjekk!?,Det er bare naturlig
28.09.2023 kl. 14.17.01,hvorfor er yahoo en d√•rlig s√∏kemotor,"det inneholder fullt av virus, og er ikke like enkelt og bruke som google og chrome"
28.09.2023 kl. 13.58.07,hvorfor er gow et bra spill,det har bra action og storytelling og f√•r deg til og f√• den f√∏lelsen at du er p√• et skikkelig spennende eventyr
28.09.2023 kl. 13.55.14,hvorfor er basketball den beste sporten,"fordi du kan spille b√•de med venner og for deg selv, pluss at det er en fysisk aktiv sport p√• alle m√•ter, b√•de stamina og styrke."
28.09.2023 kl. 10.28.38,Hvorfor bruker vi PHP og Indesign?,For √• l√¶re.
28.09.2023 kl. 10.46.14,Hvorfor bruker vi PHP og InDesign?,"Vi bruker PHP fordi det er superior, vi bruker InDesign fordi l√¶rere tror det er n√∏dvendig for videre arbeidsliv."
28.09.2023 kl. 10.23.32,Hvorfor bruker vi PHP og Idesign? ,Er mye brukt I bransjen.
28.09.2023 kl. 10.22.56,Hvorfor bruker vi PHP og Idesign?,"PHP og Indesign blir ikke mye brukt etter dette, men det er en del av det vi m√• l√¶re p√• denne linjen. Det er greit √• kunne, selv om det er r√¶vva."
28.09.2023 kl. 10.21.39,Hvorfor bruker vi InDesign? ,Fordi det er et bra verkt√∏y for designing av magasiner etc.
28.09.2023 kl. 10.19.57,Hvorfor bruker vi InDesign?,Vi bruker Indesign fordi det er det skolen mener er best √• bruke for √• l√¶re seg design. 
28.09.2023 kl. 10.20.21,Hvorfor bruker vi InDesign?,Fordi skolen mener at dette programmet er det beste for √• l√¶re √• designe borsjyrer og andre publiseringsmateriell.
28.09.2023 kl. 10.21.12,Hvorfor bruker vi InDesign?,For √• l√¶re oss at livet ikke alltid har mening
28.09.2023 kl. 10.21.30,Hvorfor bruker vi InDesign?,"Det er en del av l√¶rings materiale som man skal l√¶re i teknologi, er brukbar til Medie og √Örboken"
28.09.2023 kl. 10.21.49,Hvorfor bruker vi InDesign?,For √• l√¶re programvaren.
28.09.2023 kl. 10.39.51,Hvorfor bruker vi InDesign?,"Vi l√¶rer InDesing fordi veldig mange bedrifter arbeider i InDesgin, eller lignende verkt√∏y. S√• det fleste av oss har bruk for indesign."
28.09.2023 kl. 11.17.52,Hvorfor bruker vi InDesign?,aner ikke
28.09.2023 kl. 10.29.58,Hvorfor bruker vi ikke bare auto p√• kamerane?,Fordi auto e for noobs
28.09.2023 kl. 10.24.04,Hvorfor bruker vi ikke bare auto p√• kameraene? ,"Fordi du b√∏r kunne manuell ogs√•, fordi det gir bedre bilder."
28.09.2023 kl. 10.23.27,Hvorfor bruker vi ikke bare auto p√• kameraene?,"Fordi det er greit √• vite hvordan ting funker, og auto er ikke alltid det beste alternativet. "
28.09.2023 kl. 10.24.02,Hvorfor bruker vi ikke bare auto p√• kameraene?,"for da ""l√¶rer vi ikke"""
28.09.2023 kl. 10.24.49,Hvorfor bruker vi ikke bare auto p√• kameraene?,Fordi skolen mener vi m√• l√¶re oss det grunnleggende for √• vite hva som skjer n√•r man f.eks bruker auto. Resultatet kan og bli bedre.
28.09.2023 kl. 13.37.34,Hvordan var det p√• strandebarmen,Det var g√∏yt ikke stress over det for mye
28.09.2023 kl. 13.57.55,Hvordan skulle noen som vil starte med hacking startet,pr√∏v denne nettsiden: https://admin.tryhackme.com/
28.09.2023 kl. 14.24.35,Hvordan skriver man ut en tekst p√• skole skriveren?,"F√∏rst gj√∏r du det dokumentet du har lyst til √• skrive ut til en pdf-fil og lagrer det p√• en av mappene du har p√• filer. S√• s√∏ker du p√• skoleportalen i s√∏kefeltet p√• bing. N√•r du har kommet inn p√• skoleportalen trykker du p√• utskrift. S√• trykker du p√• lenken som kommer opp etter man har trykket p√• utskrift. Etter det logger du inn med skole, brukernavnet og passordet man har. S√• trykker du p√• last opp jobb som du finner p√• venstre side av skjermen. S√• trykker du p√• velg fil og laster opp den evt filen du vil skrive ut. S√• trykker du p√• den bl√• knappen nederst p√• skjermen der det st√•r Last opp. S√• m√• du logge inn p√• selve skriveren med samme brukernavn og passord. S√• trykker du p√• safeQ-print og da skal det bli skrevet ut."
28.09.2023 kl. 14.01.20,Hvordan registrerer jeg fremtidig frav√¶r i visma?,"For √• registrere fremtidig frav√¶r logger du inn p√• visma, trykker ¬´frav√¶r¬ª √∏verst i menyen, ¬´fremtidig frav√¶r¬ª i den nye menyen under, ¬´Opprett fremtidig frav√¶r¬ª til h√∏yre p√• skjermen og putter inn tidsperiode, beskrivelse og dokumentasjon om du har det."
28.09.2023 kl. 10.09.18,hvordan l√•ne kamera utstyr o.l.,"du trenger QR-koden p√• utstyr rommet, eller fra l√¶rer. s√• √• svare p√• google forms den leder til."
28.09.2023 kl. 10.25.37,"Hvordan l√¶rer man JS, HTML og CSS effektivt?",Se p√• youtube og bruk fritiden din p√• √• kode. 
28.09.2023 kl. 10.25.51,"Hvordan l√¶rer man JS, HTML og CSS effektivt?",√Ö jobbe med prosjekter.
28.09.2023 kl. 10.26.40,"Hvordan l√¶rer man JS, HTML og CSS effektivt?",ved √• ville l√¶re og se en del youtube videoer.
28.09.2023 kl. 10.27.32,"Hvordan l√¶rer man JS, HTML og CSS effektivt?",Ved √• v√¶re interressert nok til √• bruke fritiden p√• √• jobbe med det.
28.09.2023 kl. 10.32.26,"Hvordan l√¶rer man JS, HTML og CSS effektivt?","yt, chatGPT og w3bschools"
28.09.2023 kl. 10.34.34,"Hvordan l√¶rer man JS, HTML og CSS effektivt?","S√∏k p√• YT, bruk StackOverFlow, f√• tilgang til github copilot."
28.09.2023 kl. 22.52.28,Hvordan l√¶rer jeg meg kode for nybegynnere?,"Om du sliter er w3schools.com et supert sted √• l√¶re seg √• kode. De har masse kort-l√∏sninger og forklaringer p√• alt innenfor html, css, js, og mer. De har ogs√• oppl√¶ringer og tester du kan ta som vil godt hjelpe kodeferdighetene dine."
28.09.2023 kl. 10.47.12,Hvordan logger man seg p√• for √• f√• studietid?,https://studie.asvg.no
28.09.2023 kl. 10.22.45,hvordan logge seg p√• siden for √• l√•ne utstyr i teknologiforst√•else? ,Scan QR kode I 4. Etasje hvor utstyret er.
28.09.2023 kl. 10.26.08,Hvordan logge seg p√• siden for √• l√•ne utstyr i teknologiforst√•else?,Skann QR kode.
28.09.2023 kl. 10.21.52,hvordan logge seg p√• siden for √• l√•ne utstyr i teknologiforst√•else,Scan QR-koden i l√•nerommet og bruk skole-mailen til √• logge p√•. 
28.09.2023 kl. 10.22.40,hvordan logge seg p√• siden for √• l√•ne utstyr i teknologiforst√•else,scanne QR koden.
28.09.2023 kl. 10.22.44,hvordan logge seg p√• siden for √• l√•ne utstyr i teknologiforst√•else,"Scan QR-koden ved utl√•nsrommet (obs, bruk skolekonto n√•r du fyller ut skjemaet)."
28.09.2023 kl. 10.29.42,hvordan logge seg p√• for √• f√• studietid,"Hakke peiling, aldri gjort det."
28.09.2023 kl. 10.37.02,hvordan logge seg p√• for √• f√• studietid,Idk har aldri brukt det selv.
28.09.2023 kl. 14.14.01,Hvordan laste ned og bruke mamp,"1. Last ned MAMP: Bes√∏k den offisielle MAMP-nettsiden (https://www.mamp.info/) og last ned den nyeste versjonen for macOS.

2. Installer MAMP: Dobbeltklikk p√• nedlastet .dmg-fil, dra MAMP til Applications-mappen for installasjon.

3. Start MAMP: √Öpne MAMP-applikasjonen fra Applications-mappen.

4. Start serveren: Klikk p√• ""Start"" for √• aktivere Apache-webserveren og MySQL-databasen.

5. Konfigurer innstillinger: Tilpass innstillingene i ""Preferences"" etter behov.

6. √Öpne MAMP-hovedvinduet: Klikk p√• ""Open Start Page"" for √• f√• tilgang til MAMPs hovedside.

7. Legg prosjektfiler: Plasser webutviklingsprosjektfilene i MAMPs standardwebkatalog.

8. Vis prosjekter: √Öpne prosjektene i nettleseren ved √• bes√∏ke http://localhost:8888/prosjektmappen.

9. Administrer databaser: Bruk phpMyAdmin fra MAMPs startside for √• administrere MySQL-databaser.

MAMP gir et komplett utviklingsmilj√∏ for webutvikling p√• macOS med Apache, MySQL og PHP."
28.09.2023 kl. 14.12.21,Hvordan laste ned git,"For √• laste den git g√•r du p√• https://git-scm.com/downloads og laster ned en versjon for dine specs
Eller oprativ system. S√• utf√∏rer du exe filen som ble lastet ned."
28.09.2023 kl. 10.24.24,Hvordan lager man en nettside? ,Med koding.
28.09.2023 kl. 10.23.54,Hvordan lager man en nettside?,En nettside er bare HTML kode. For at det skal v√¶re noe fancy eller opp til dagens standard s√• m√• man kombinere HTML kode med andre kodespr√•k.
28.09.2023 kl. 10.24.21,Hvordan lager man en nettside?,"man lager den med koding (Html, css, og man kan bruke javascript)"
28.09.2023 kl. 10.25.18,Hvordan lager man en nettside?,Ved √• kode i html. √ònsker du noe mer avansert legger du til css og javascript.
28.09.2023 kl. 10.31.17,Hvordan lager man en nettside?,"Bruk visual studio code, lag en index.html fil og et voila."
28.09.2023 kl. 14.27.34,Hvordan lager jeg en html og head p√• den nye html filen jeg har lagd?,Det man gj√∏r er bare √• skrive dette tegnet ‚Äò!‚Äô p√• den f√∏rste linjen p√• det tomme html dokumentet ditt og trykker enter.
28.09.2023 kl. 14.07.54,Hvordan kobler man opp en CSS-fil til et HTML-fil?,"Enkelt nok, <link rel=‚Äôstylesheet‚Äô href=‚Äô./eksempel/fil‚Äô>. Bare husk √• endre ‚Äò./eksempel/fil‚Äô med den faktiske destinasjonen til CSS-filen din."
28.09.2023 kl. 14.01.11,Hvordan kan jeg f√• mer informasjon om √•rets stream?,Hvis du melder deg inn i ¬´Amalie Skram IM Linjen¬ª discorden og ser under kategorien ¬´Streamen 2023¬ª finner du informasjon ang√•ende streamen. Her er invite til discorden: https://discord.gg/ZZVWncxyyt.
28.09.2023 kl. 10.26.33,Hvordan f√•r man seg praksisplass? ,Send s√∏knader.
28.09.2023 kl. 10.26.27,Hvordan f√•r man seg praksisplass?,Du m√• s√∏ke om √• f√• praksisplass hos bedrifter og du m√• mest sansynlig vis f√• et jobbintervju.
28.09.2023 kl. 10.27.17,Hvordan f√•r man seg praksisplass?,Kontakte bedrifter til du spyr og noen sier ja.
28.09.2023 kl. 10.28.29,Hvordan f√•r man seg praksisplass?,"Ved √• v√¶re proaktiv, og s√∏ke, ringe, og vise din beste side."
28.09.2023 kl. 10.36.02,Hvordan f√•r man seg praksisplass?,"S√∏k overalt, never back down never what?"
28.09.2023 kl. 10.25.21,Hvordan f√• darkmode i vscode.,Vscode extension.
28.09.2023 kl. 09.42.27,Hvordan f√• darkmode i vscode,Hvis man har mac g√•r man p√• code og trykker p√• prefrences
28.09.2023 kl. 10.21.34,Hvordan f√• darkmode i vscode,"Man kan enkelt laste ned themes i Extensions tab-en, men det er allerede et theme kalt dark+ som man kan aktivere under settings > themes "
28.09.2023 kl. 10.21.49,Hvordan f√• Dark mode i vscode? ,Dark mode er standard mode.
28.09.2023 kl. 10.20.15,Hvordan f√• Dark mode i vscode,"Man kan enkelt laste ned themes i Extensions tab-en, men det er allerede et theme kalt dark+ som man kan aktivere under settings > themes "
28.09.2023 kl. 10.20.35,Hvordan f√• Dark mode i vscode,"Trykk p√• tannhjulet nede til venstre i vs code, trykk s√• themes og bare velg en du liker"
28.09.2023 kl. 10.20.39,Hvordan f√• Dark mode i vscode,"Endre p√• temaet i programmet, skal ligge under settings et sted, kan og laste ned flere temaer under extensions."
28.09.2023 kl. 10.23.04,Hvordan f√• Dark mode i vscode,Vscode extension.
28.09.2023 kl. 10.30.52,Hvordan f√• Dark mode i vscode,"Du kan enten bruke menyen nede venstre ogs√• finne theme i menyen, eller s√• kan du bruek shortcuten, Ctrl+ k Ctrl + T"
28.09.2023 kl. 10.47.49,Hvordan f√• Dark mode i vscode,"CTRL+K, CTRL+T s√• velg Dark mode"
28.09.2023 kl. 10.26.59,Hvordan funker tverrfaglig eksamen? ,Vet ikke.
28.09.2023 kl. 10.26.48,Hvordan funker tverrfaglig eksamen?,Tverrfaglig eksamen gir deg en oppgave som du m√• l√∏se med det du har l√¶rt i alle de andre fagene. 
28.09.2023 kl. 10.28.05,Hvordan funker tverrfaglig eksamen?,den funker ved at flere fag har en eksamen
28.09.2023 kl. 10.29.03,Hvordan funker tverrfaglig eksamen?,"Man f√•r en oppgave der man m√• bruke all kunnskap man har for √• lage et produkt, som man s√• m√• kunne forklare. Alle hjelpemidler er tillatt, og den varer et par dager."
28.09.2023 kl. 10.36.21,Hvordan funker tverrfaglig eksamen?,Du gj√∏r litt av alle yrkresfaglige fagene tror jeg.
28.09.2023 kl. 10.46.38,Hvordan funker tverrfaglig eksamen?,Du lager et produkt hvor du viser kompetanse i flere fag.
28.09.2023 kl. 14.24.09,Hvordan endrer man st√∏rrelsen p√• et bilde p√• nettsiden man lager?,"Hvis man vil endre st√∏rrelsen p√• et bilde p√• nettsiden man lager. Kan man gj√∏re det ved √• bruke CSS, innp√• CSS kan du bruke ‚ÄòWidth‚Äô eller ‚ÄòHeight‚Äô for √• endre st√∏rrelsen p√• bildet."
28.09.2023 kl. 14.12.57,Hvordan centerer a div,"Her er eksempelet med HTML og CSS for √• sentrere en <div> og gj√∏re teksten mindre p√• norsk:

Her er HTML-strukturen for en sentrert <div> med mindre tekst:

html
Copy code
<!DOCTYPE html>
<html lang=""no"">
<head>
    <meta charset=""UTF-8"">
    <meta name=""viewport"" content=""width=device-width, initial-scale=1.0"">
    <title>Sentrert <div> med mindre tekst</title>
    <link rel=""stylesheet"" href=""stiler.css"">
</head>
<body>
    <div class=""beholder"">
        <div class=""sentrert-div"">
            <p>Dette er sentrert tekst med mindre skriftst√∏rrelse.</p>
        </div>
    </div>
</body>
</html>
N√• skal vi opprette en stiler.css-fil for √• bruke CSS-stilene:

css
Copy code
/* stiler.css */
body {
    margin: 0;
    padding: 0;
    display: flex;
    justify-content: center;
    align-items: center;
    min-height: 100vh;
    background-color: #f0f0f0;
}

.beholder {
    text-align: center;
}

.sentrert-div {
    background-color: #ffffff;
    padding: 20px;
    border-radius: 8px;
    box-shadow: 0 0 10px rgba(0, 0, 0, 0.2);
}

.sentrert-div p {
    font-size: 16px; /* Juster skriftst√∏rrelsen etter behov */
    margin: 0;
}
I dette eksemplet:

Vi har en forelder <div> med klassen .beholder som bruker flexbox for √• sentrere innholdet b√•de horisontalt og vertikalt p√• siden.

Inne i beholderen er det en <div> med klassen .sentrert-div som representerer det sentrerte innholdet. Den har en hvit bakgrunn, padding og en subtil boks-skygge for stil.

Teksten inne i <p>-elementet innenfor .sentrert-div har en mindre skriftst√∏rrelse som er spesifisert med font-size: 16px;. Du kan justere font-size-egenskapen for √• gj√∏re teksten mindre eller st√∏rre etter behov.

Stilene i stiler.css-filen er koblet til HTML-filen for √• bruke disse stilene. Du kan tilpasse stilene ytterligere for √• matche dine designpreferanser.
"
28.09.2023 kl. 10.27.57,Hvordan bruker man printeren p√• skolen?,Logg p√• p√• skolenettsiden og last opp filen du vil printe.
28.09.2023 kl. 10.29.29,Hvordan bruker man printeren p√• skolen?,man g√•r inn p√• https://utskrift.vlfk.no/end-user/ui/login og last inn et dokument og s√• g√• p√• printeren og skriv det ut
28.09.2023 kl. 10.30.30,Hvordan bruker man printeren p√• skolen?,"G√• inn p√• asvg.no, g√• til elever og foresatte, og g√• inn p√• printing. Her m√• du inn p√• en nettside der du logger inn. Du f√•r credits av skolen for √• printe."
28.09.2023 kl. 10.37.43,Hvordan bruker man printeren p√• skolen?,utskrift vlfk
28.09.2023 kl. 10.46.49,Hvordan bruker man printeren p√• skolen?,https://utskrift.vlfk.no/end-user/ui/login
28.09.2023 kl. 13.55.57,hvordan blir man en gooner,bare grind hardt s√• kommer du deg dit etterhvert
28.09.2023 kl. 10.23.13,Hvor viktig er det √• ta notater og lage oppsummeringer?,Er ikke s√• viktig med mindre du vil l√¶re raskere.
28.09.2023 kl. 10.28.00,Hvor viktig er det √• ta notater og lage oppsummeringer?,Viktig
28.09.2023 kl. 10.22.27,Hvor viktig er det √• ta notater og lage oppsummeringer ?,Hvor viktig er det √• ta notater og lage oppsummeringer ?
28.09.2023 kl. 10.23.28,Hvor viktig er det √• ta notater og lage oppsummeringer ?,"Kommer ann p√• hvordan du l√¶rer. Det kan v√¶re lurt √• ta notater n√•r det er noe viktig man m√• huske, eller hvis det er noe du f√•r bruk for senere."
28.09.2023 kl. 14.19.59,Hvor mange plasser er det for vg2,For meg var det 15 plasser for media vg2 og 30 for ikt
28.09.2023 kl. 10.24.18,Hvilken pc / laptop er best for koding?,"Bruk det du vil, men Mac er mindre supported og l√¶rere bruker det ikke. Mange andre i bransjen bruker Mac selv om. "
28.09.2023 kl. 10.24.39,Hvilken pc / laptop er best for koding?,det meste funker like bra.
28.09.2023 kl. 10.24.43,Hvilken pc / laptop er best for koding?,Trenger ikke en spesiell type laptop for √• kode.
28.09.2023 kl. 10.25.45,Hvilken pc / laptop er best for koding?,"Den du liker best, man kan kode p√• en potet (med mindre du skal virtualisere)."
28.09.2023 kl. 10.32.16,Hvilken pc / laptop er best for koding?,Hvilke som helst funker greit.
28.09.2023 kl. 10.29.28,Hvilke type matte l√¶rer vi? ,Enkel matte.
28.09.2023 kl. 10.31.16,Hvilke type matte l√¶rer vi?,Den enkleste
28.09.2023 kl. 10.33.07,Hvilke type matte l√¶rer vi?,"man l√¶rer egentlig ingenting, man har 8-10 klasse matte, pluss litt til."
28.09.2023 kl. 10.33.25,Hvilke type matte l√¶rer vi?,"Vi l√¶rer praktisk matte, tilpasset it og medie linjen."
28.09.2023 kl. 10.35.40,Hvilke type matte l√¶rer vi?,"Vi l√¶rer det mest grunnleggende som om vi er et par med sm√•barn i 5. klasse, men vi l√¶rer ogs√• om √∏konomi."
28.09.2023 kl. 10.40.19,Hvilke type matte l√¶rer vi?,Enkel P matte
28.09.2023 kl. 10.49.46,Hvilke type matte l√¶rer vi?,"Vi l√¶rer 1P-Y, det g√•r hovedsaklig i excel sheets og lingninger, men ogs√• litt python."
28.09.2023 kl. 13.33.43,hvilke spr√•k skal vi l√¶re oss?,"html, css, javascript, firebase(dokument database), mySQL(relasjonsdatabase) og litt php."
28.09.2023 kl. 10.25.30,Hvilke programmer bruker dere i VG2? ,Cisco packet tracer.
28.09.2023 kl. 10.25.17,Hvilke programmer bruker dere i VG2?,Vi bruker Cisco packet tracer og VS code. 
28.09.2023 kl. 10.26.08,Hvilke programmer bruker dere i VG2?,"CPT, vscode, og mange andre."
28.09.2023 kl. 10.27.02,Hvilke programmer bruker dere i VG2?,"Cisco Packet Tracer, VSCode."
28.09.2023 kl. 10.34.13,Hvilke programmer bruker dere i VG2?,"Hvilke programmer bruker dere i VG2?	Cisco, Vscode, Teams, OneNote, Chrome."
28.09.2023 kl. 14.10.42,Hvilke program spr√•k kommer vi til √• bruke?,"Css, Html og Javascript. (Python i matten)"
28.09.2023 kl. 14.11.42,Hvilke adobe programmer kommer vi til √• bruke?,"Photoshop og Illustrator, for bilderedigering. Indesign for √•rsbok og premier pro for videoredigering"
28.09.2023 kl. 13.37.58,Hvem kommer til √• v√¶re den beste l√¶reren?,Det er sef√∏lgelig √òyvind <3
28.09.2023 kl. 23.28.42,"Hvem er den beste l√¶reren? Den vi burde glede oss mest til √• se, den som er best til √• l√¶re vekk, den som er kulest, den som er g√∏yest √• ha?",√òyvind. Ingen unntak.
28.09.2023 kl. 13.54.43,hvem er den beste l√¶reren i amalie skram vgs,√òyvind Solberg
28.09.2023 kl. 10.28.03,"Hvem er Alec, og hvordan kan jeg bli som han? ",Alec er en gigachad. Du kan ikke bli som han.
28.09.2023 kl. 10.28.21,"Hvem er Alec, og hvordan kan jeg bli som han?","Alec er over alle andre, det er umulig √• bli like god som han. Du kan pr√∏ve men du kommer aldri til √• bli det samme."
28.09.2023 kl. 10.29.59,"Hvem er Alec, og hvordan kan jeg bli som han?","Alec ""the legend"" big dong, er en IT mann som rulerer Amalie skram vgs"
28.09.2023 kl. 10.30.59,"Hvem er Alec, og hvordan kan jeg bli som han?","Alec Hoang Dang, eller Alex som Tone kaller han, er IT-guden p√• skolen. Han fikser alt, og f√•r til og med p√• skjermen i klasserommet."
28.09.2023 kl. 10.38.07,"Hvem er Alec, og hvordan kan jeg bli som han?",Alec the god er en god It kar
28.09.2023 kl. 14.29.29,Hvem av l√¶rerne er det viktigst √• smiske med for √• f√• en bra karakter?,BENT
28.09.2023 kl. 10.25.03,Hva skal jeg kunne etter jeg er ferdig p√• Vg1? ,"Det er ikke noe spesielt du ‚Äúskal‚Äù kunne, men bare l√¶r s√• mye som mulig."
28.09.2023 kl. 10.24.43,Hva skal jeg kunne etter jeg er ferdig p√• Vg1?,"Du skal kunne nok kode til √• kunne lage en simpel nettside med HTML, CSS og simpel Javascript. Du skal ogs√• kunne bruke et filmkamera og bildekamera og kunne grunnprinsipper innenfor medieproduksjon."
28.09.2023 kl. 10.25.12,Hva skal jeg kunne etter jeg er ferdig p√• Vg1?,"Du b√∏r ha en god forst√•else p√• html og css, og en ok forst√•else p√• hvordan databaser funker."
28.09.2023 kl. 10.26.23,Hva skal jeg kunne etter jeg er ferdig p√• Vg1?,"Du skal kunne kode nettsider med relativt god forst√•else for hva du driver med, og du skal kunne bruke kamera og utstyr til √• produsere."
28.09.2023 kl. 10.33.14,Hva skal jeg kunne etter jeg er ferdig p√• vg1?,"Enkel html, css og basics av vscode."
28.09.2023 kl. 10.29.37,Hva l√¶rer man i teknologiforst√•else? ,Blanding av medie og programmering.
28.09.2023 kl. 10.33.35,Hva l√¶rer man i teknologiforst√•else?,I teknologiforst√•else l√¶rer man hvordan man bruker popul√¶re verkt√∏y i den profesjonelle verdenen.
28.09.2023 kl. 10.33.36,Hva l√¶rer man i teknologiforst√•else?,"Bruke Adobe programmer, men 90% av tiden ser du bare p√• YT videoer"
28.09.2023 kl. 10.38.19,Hva l√¶rer man i teknologiforst√•else?,I teknologiforst√•else l√¶rer vi om python og hvordan man bruker forskjellige IT programmer
28.09.2023 kl. 10.40.28,Hva l√¶rer man i teknologiforst√•else?,Idk tbh
28.09.2023 kl. 10.42.00,Hva l√¶rer man i teknologiforst√•else?,"Vi l√¶rer om rasberrypie, nettverk, InDesgn, kamera og videoredigering."
28.09.2023 kl. 10.29.06,Hva l√¶rer man i Konseptutvikling? ,Programming. 
28.09.2023 kl. 10.32.31,Hva l√¶rer man i Konseptutvikling?,"man l√¶rer generell koding, s√• lenge du har Bent s√• g√•r det sikkert helt fint"
28.09.2023 kl. 10.32.58,Hva l√¶rer man i Konseptutvikling?,Man l√¶rer √• lage l√∏sninger p√• problemer (l√∏se oppgaver) og √• lage de l√∏snignene (programmere).
28.09.2023 kl. 10.33.27,Hva l√¶rer man i Konseptutvikling?,"I konseptutvikling l√¶rer man HTML, CSS, Javascript og hvordan man lager en nettside. Det er ogs√• s√•nn at man l√¶rer om mySQL og PHP."
28.09.2023 kl. 10.39.52,Hva l√¶rer man i Konseptutvikling?,Vscode html css
28.09.2023 kl. 10.29.46,Hva l√¶rer man i historiefortelling? ,Filming og s√•nt.
28.09.2023 kl. 10.33.48,Hva l√¶rer man i historiefortelling?,"Man l√¶rer √• fortelle historier ved hjelp av flere midler, som kamera og tekst."
28.09.2023 kl. 10.34.00,Hva l√¶rer man i historiefortelling?,"husker ikke, s√• sikkert ikke noe viktig"
28.09.2023 kl. 10.38.32,Hva l√¶rer man i historiefortelling?,"I historiefortelling l√¶rer man hvordan √• ta bilder, bruke video og bildekamera, og hvordan √• bruke photoshop og premiere pro. Dessverre m√• vi ogs√• l√¶re InDesign"
28.09.2023 kl. 10.40.35,Hva l√¶rer man i historiefortelling?,Knapt mye
28.09.2023 kl. 10.47.27,Hva l√¶rer man i historiefortelling?,"Photoshop, Premiere Pro og hvordan man h√•ndterer et kamera."
28.09.2023 kl. 13.47.32,Hva liker du med linjen,"√∏yvin <3
"
28.09.2023 kl. 23.19.27,Hva gj√∏r man i IT-vg2?,"P√• IT-faget i vg2 har man hovedsakelig tre IT-rettede fag. Den ene er utvikling. Den ligner masse p√• programmering, bare litt mer utdypende. Den andre er drift. Det er ganske nytt, noe vi ikke var s√• masse borti i vg1. Der l√¶rer vi om nettverk og egentlig alt det ""Fysiske"" med IT. Det siste er brukerst√∏tte der man l√¶rer om hvordan en burde behandle nettsider, nettverker og andre IT-produkter som gj√∏r det lettere for andre √• bruke."
28.09.2023 kl. 10.26.38,Hva f√•r vi eksamen i?,Du kan f√• eksamen i de fagene du har dette √•ret.
28.09.2023 kl. 10.26.49,Hva f√•r vi eksamen i?,"Naturfag, engelsk eller matte."
28.09.2023 kl. 10.27.46,Hva f√•r vi eksamen i?,"Engelsk, naturfag, matte. Kan dere f√• eksamen i i vg1"
28.09.2023 kl. 10.28.44,Hva f√•r vi eksamen i?,"Vi f√•r eksamen i trekkfag, alts√• matte, engelsk, og naturfag."
28.09.2023 kl. 10.36.12,Hva f√•r vi eksamen i?,"Sp√∏rs, vg1 er engelsk og naturfag, vg 2tverrfaglig og norsk og samfunnskunnskap."
28.09.2023 kl. 10.28.54,Hva faen er en switch? ,Enkelt forklart kan du si at en nettverksswitch fungerer som en koblingsboks for nettverks- og internettforbindelse.
28.09.2023 kl. 10.29.16,Hva faen er en switch?,En Switch er en boks som kan reroute ethernett kabler og v√¶re som en redstone repeater som extender signaler.
28.09.2023 kl. 10.31.01,Hva faen er en switch?,En switch er noe som kan ta en ethernett kabel og dele det opp mellom flere porter.
28.09.2023 kl. 10.31.59,Hva faen er en switch?,En switch er en internett dings som deler ut internett tilkobling til flere enheter.
28.09.2023 kl. 10.38.42,Hva faen er en switch?,Switch
28.09.2023 kl. 14.05.40,hva er vitsen med nynorsk i norskfaget?,svar: det er ikke noe vits med det
28.09.2023 kl. 14.03.16,Hva er noen gode kilder for hjelp til programmering/utvikling?,En god kilde kan v√¶re W3Schools (https://www.w3schools.com/). W3Schools har mange l√¶rerike veiledninger og referanser innen mange forskjellige temaer. En annen kilde kan v√¶re Stack Overflow (https://stackoverflow.com/). Stack Overflow er en sp√∏rsm√•l-og-svar-nettside for profesjonelle programmerere og entustiaster. Man kan alltids sp√∏rre ChatGPT.
28.09.2023 kl. 14.03.23,Hva er noen gode kanaler for √• l√¶re seg programmering.,"Fireship, supersimpledev, bro code, coding under pressure"
28.09.2023 kl. 23.24.36,Hva er noe man b√∏r vite om ungdomsskolen/IT-Medie linjen?,"IT- og medie linjen funker nesten litt som en hobby linje. Det har mye mer fokus p√• en ting ettersom at det er en yrkesfaglig linje, som betyr at du kan f√• en utrolig fordel om du behandler det som en hobby, og gj√∏r ting hjemme som du f.eks. lurer p√• hvordan man gj√∏r."
28.09.2023 kl. 10.23.00,Hva er meningen med PHP? ,PHP er et kodespr√•k som har lignende funksjoner som javascript
28.09.2023 kl. 10.22.03,Hva er meningen med PHP,Greien med PHP er at det er et spr√•k som er ofte brukt innenfor serverside koding. Om man vil s√• kan man bruke andre kodespr√•k.
28.09.2023 kl. 10.22.58,Hva er meningen med PHP,"PHP er et database-system s√• meningen er √• lagre og hente ut informasjon, og masse mer."
28.09.2023 kl. 10.23.02,Hva er meningen med PHP,"Meningen med PHP er √• kunne koble back-end til f.eks nettsider, da f.eks databaser med f.eks mySQL."
28.09.2023 kl. 10.26.42,Hva er meningen med PHP,PHP er ett gammelt kodespr√•k som er greit √• forst√•.
28.09.2023 kl. 10.23.22,Hva er Javascript? ,Et kodespr√•k.
28.09.2023 kl. 09.42.54,Hva er Javascript?,Javascript er et kodespr√•k
28.09.2023 kl. 10.22.43,Hva er Javascript?,Javascript er et kodespr√•k som kj√∏rer i webbrowsers og som har mange forskjellige bruksomr√•der. Det er ofte brukt for √• kj√∏re script som kan gj√∏re ting raskt for deg. 
28.09.2023 kl. 10.23.43,Hva er Javascript?,JavaScript er et kodespr√•k som kj√∏rer i de fleste nettlesere. Det brukes for interaktivitet og for √• kj√∏re kommandoer p√• nettsider.
28.09.2023 kl. 10.24.03,Hva er Javascript?,JavaScript er et kodespr√•k som brukes ofte i nettside utvikling for √• f√• en nettside til √• fungere.
28.09.2023 kl. 10.25.20,Hva er Javascript?,"Javascrpit er et kodesp√•rk som du har mulighetet til √• brukte til alt mulige prosjekter. Det brukes mest til web, men det er mulig til √• lage ka som helt med det."
28.09.2023 kl. 10.27.00,Hva er JavaScript?,Javascript er et kodespr√•k som kj√∏rer i webbrowsers og som har mange forskjellige bruksomr√•der. Det er ofte brukt for √• kj√∏re script som kan gj√∏re ting raskt for deg. 
28.09.2023 kl. 10.28.19,Hva er Javascript?,Kodespr√•k som brukes mye i web development.
28.09.2023 kl. 10.29.17,Hva er JavaScript?,Referer til tideligere svar.
28.09.2023 kl. 10.36.31,Hva er JavaScript?,Kodespr√•k som brukes mye i web development.
28.09.2023 kl. 13.37.58,Hva er javascript?,"Javascript er et programmeringsspr√•k som brukes for √• gj√∏re nettsider interaktive, for eksempel ved √• legge til funksjoner, animasjoner og f√• ting p√• nettsiden til √• skje ved klikk eller tastaturklikk."
28.09.2023 kl. 10.33.29,Hva er html?,HyperText Markup Language brukes til √• lage nettsider.
28.09.2023 kl. 13.55.04,hva er html?,"HTML er programmeringsspr√•ket for √• lage nettsider og bruker tags til √• strukturere innholdet p√• en nettside ved tekst, bilder, lenker og andre elementer.
"
28.09.2023 kl. 14.17.14,Hva er HTML?,HTML st√•r for Hypertext Markup Language. Det er et spr√•k som brukes til √• lage nettsider og strukturere innhold.
28.09.2023 kl. 10.25.12,Hva er html for noe? ,HTML st√•r for HyperText Markup Language og blir brukt til √• lage nettsider.
28.09.2023 kl. 10.24.53,Hva er html for noe?,HTML er et kodespr√•k som oftest blir brukt til √• kode nettsider.
28.09.2023 kl. 10.25.34,Hva er html for noe?,det er et kodespr√•k som er ekstremt viktig
28.09.2023 kl. 10.25.55,Hva er html for noe?,Bygge blokkene for en nettside
28.09.2023 kl. 10.26.36,Hva er html for noe?,"HTML eller HyperText Markup Language er koden som st√•r for √• vise ting p√• nettsider, som skrift."
28.09.2023 kl. 14.04.56,Hva er hensikten med en loop i koding?,En sl√∏yfe i koding brukes til √• gjenta en kodeblokk et spesifisert antall ganger eller til en viss betingelse er oppfylt.
28.09.2023 kl. 14.11.56,Hva er git,"Git er et distribuert versjonskontrollsystem som brukes til √• spore endringer i filer og kataloger over tid. Det er spesielt popul√¶rt blant utviklere for √• administrere og samarbeide p√• programvareprosjekter. Git lar deg holde styr p√• endringer, sammenligne versjoner av kode og enkelt samarbeide med andre utviklere ved √• bidra til og samle endringer i kodebasen. Det hjelper ogs√• med √• administrere kodehistorikken og muliggj√∏r feils√∏king og gjenoppretting av tidligere versjoner av prosjektet.
"
28.09.2023 kl. 10.27.24,"Hva er frav√¶rsgrensen, og hvordan funker den? ","Hvis du har m√¶r enn 10% av alle timene I frav√¶r, s√• stryker du I det faget."
28.09.2023 kl. 10.27.26,"Hva er frav√¶rsgrensen, og hvordan funker den?",10% frav√¶rsgrense. Om du f√•r mer enn 10% s√• er det over og ut. Ikke gj√∏r det. 
28.09.2023 kl. 10.28.58,"Hva er frav√¶rsgrensen, og hvordan funker den?",Frav√¶rsgrensen er en grense som gj√∏r at hvis du er vekke mer enn 10% av faget s√• f√•r du ikke vurdering.
28.09.2023 kl. 10.29.55,"Hva er frav√¶rsgrensen, og hvordan funker den?","Frav√¶rsgrensen er p√• 10% udokumentert frav√¶r av et fags timer, er frav√¶ret dokumentert g√•r det ikke p√• grensen, men vil fortsatt st√• p√• vitnem√•let."
28.09.2023 kl. 10.37.16,"Hva er frav√¶rsgrensen, og hvordan funker den?",Frav√¶rsgrensen tar livsgleden men basically forcer deg til √• v√¶re p√• skolen.
28.09.2023 kl. 14.05.18,Hva er forskjellen mellom en funksjon og en metode i programmering?,En funksjon i programmering er en kodeblokk som utf√∏rer en spesifikk oppgave og kan kalles opp fra hvor som helst i programmet. En metode er en funksjon som er knyttet til en klasse eller et objekt i objektorientert programmering.
28.09.2023 kl. 14.11.35,Hva er forsjelen melom git og github,"Git er et versjonskontrollsystem for kode, mens GitHub er en skybasert plattform for lagring og samarbeid med Git-repositorier.
"
28.09.2023 kl. 14.04.25,Hva er en variabel i programmering?,"En variabel i programmering er et navngitt lagringssted som inneholder data, som kan endres under kj√∏ringen av et program."
28.09.2023 kl. 14.15.51,Hva er en FAQ,En FAQ betyr Freaquently Asked Questions og brukes til √• svare p√• sp√∏rsm√•l som ofte blir stilt. I denne oppgaven svarer vi p√• sp√∏rsm√•l som vi tror 1ima/b har.
28.09.2023 kl. 14.15.16,Hva er en div,Det er en div
28.09.2023 kl. 14.01.33,Hva er det beste stedet √• f√• tak i snacks,Enten s√• kan du dra ned til kantinen √• kj√∏pe en milkshake for 10 kroner eller s√• kan dere g√• ned i butikken i f√∏ste etasje
28.09.2023 kl. 14.09.30,Hva er det beste med √• g√• IM/Medie/IT p√• Amalie Skram?,√òyvind Solberg.
28.09.2023 kl. 13.36.45,Hva er den beste m√•ten √• l√¶re noe nytt?,"Lage et veldig lett prosjekt med det du trenger √• l√¶re deg, og pass p√• √• pugge det grunnleggende!!!!!!!"
28.09.2023 kl. 14.06.38,hva er den beste l√¶reren?,det svaret vet du allerede
28.09.2023 kl. 13.55.19,hva er css?,"CSS er programmeringsspr√•ket som endrer det visuelle ved en nettside ved hjelp bruk av farger, st√∏rrelse, layout og overganger."
28.09.2023 kl. 14.18.25,Hva er css,CSS (Cascading Style Sheets) er et spr√•k som jobber sammen med html for √• gi infoen du lagde med html en stil.
28.09.2023 kl. 14.05.49,Hva er betydningen av kommentarer i en kode?,"Kommentarer i kode brukes til √• gi menneskelesbare forklaringer eller merknader i kildekoden. De ignoreres av kompilatoren eller tolken og er kun til fordel for utviklere for √• forst√• koden.

"
28.09.2023 kl. 14.18.10,Hva burde jeg velge om jeg vil g√• it i neste √•r ,2ITK
28.09.2023 kl. 22.44.30,Hva burde jeg velge for vg2? (IT-eller medie),"Hvis du er usikker p√• hva √• velge neste √•r har du fortsatt god tid, s√• ikke stress. Hvis du er usikker kan du f.eks. lage en mental liste over hva som er bra og d√•rlig med de forskjellige linjene, og hva du ser for deg at du gj√∏r i fremtiden/hva du vil like best √• gj√∏re som jobb."
28.09.2023 kl. 13.35.05,Hva burde jeg l√¶re med i fritiden?,"Et rammeverk/framework som gj√∏r det lettere √• skrive html, css og javascript. React er den som blir mest brukt, men pass p√• for nye framework."
28.09.2023 kl. 13.55.55,hva brukes github til?,"GitHub er en nettbasert plattform som brukes av utviklere for √• laste opp koder, samarbeide med andre og fungerer som lagringssteder for prosjekter."
28.09.2023 kl. 14.19.06,Hva brude jeg velge om jeg vil g√• media i andre √•r,2MED
28.09.2023 kl. 14.13.31,How to use node.js,"Node.js er en √•pen kildekode, server-side JavaScript runtime som lar deg kj√∏re JavaScript p√• serveren. Her er en grunnleggende oversikt over hvordan du kan bruke Node.js:

Installer Node.js:
F√∏rst m√• du installere Node.js p√• datamaskinen din. Du kan laste ned den nyeste versjonen fra den offisielle nettsiden: Node.js Last ned. F√∏lg installasjonsinstruksjonene for ditt operativsystem.

Sjekk installasjonen:
Etter vellykket installasjon kan du √•pne kommandolinjen (eller terminalen p√• macOS og Linux) og skrive f√∏lgende kommandoer for √• sjekke om Node.js og npm (Node Package Manager) er riktig installert:

sh
Copy code
node -v
npm -v
Dette vil vise versjonene av Node.js og npm som er installert.

Lag et Node.js-prosjekt:
Du kan opprette et nytt Node.js-prosjekt ved √• lage en ny mappe og navigere til den i kommandolinjen. Deretter kan du kj√∏re kommandoen npm init for √• opprette en package.json-fil som inneholder prosjektinformasjon og avhengigheter.

sh
Copy code
mkdir mitt-node-prosjekt
cd mitt-node-prosjekt
npm init
Du vil bli bedt om √• svare p√• noen sp√∏rsm√•l om prosjektet ditt. Du kan akseptere standardverdiene eller tilpasse dem etter behov.

Skriv Node.js-kode:
Lag dine Node.js-skript ved hjelp av JavaScript og lagre dem i prosjektmappen. For eksempel kan du opprette en fil med navnet app.js og legge til din Node.js-kode der. Her er et enkelt eksempel p√• en Node.js-server:

javascript
Copy code
const http = require('http');

const server = http.createServer((req, res) => {
    res.writeHead(200, { 'Content-Type': 'text/plain' });
    res.end('Hello, World!\n');
});

const port = 3000;
server.listen(port, () => {
    console.log(`Server is running on http://localhost:${port}`);
});
Kj√∏r Node.js-applikasjonen:
For √• kj√∏re Node.js-applikasjonen, naviger til prosjektmappen i kommandolinjen og bruk kommandoen node etterfulgt av filnavnet til skriptet ditt:

sh
Copy code
node app.js
Dette vil starte din Node.js-server, og du kan n√• √•pne en nettleser og g√• til http://localhost:3000 (eller den porten du har valgt) for √• se resultatet.

Dette er en grunnleggende introduksjon til hvordan du bruker Node.js. Node.js har et bredt √∏kosystem av pakker og rammeverk som kan hjelpe deg med √• bygge ulike typer applikasjoner, inkludert webapplikasjoner, API-tjenester og mer. Du kan bruke npm til √• administrere avhengigheter og installere tredjepartsmoduler i prosjektene dine.
"
28.09.2023 kl. 10.26.15,Gir denne utdanningen oss garantert jobb?,S√• lenge du har lyst til √• jobbe med IT s√• er det stor sjangse for at man f√•r jobb innen IT-industrien etter dette ja. Det er h√∏yt krav p√• IT-arbeidere.
28.09.2023 kl. 10.26.19,Gir denne utdanningen oss garantert jobb?,"Drift er garantert jobb, men ikke utvikling."
28.09.2023 kl. 10.27.02,Gir denne utdanningen oss garantert jobb?,"ja men nei, hvis du klarer √• f√• den praksis plass og du klarer √• f√• fagbrevet ditt s√• er det ganske lett √• f√• jobb."
28.09.2023 kl. 10.28.16,Gir denne utdanningen oss garantert jobb?,"I dagens marked, ja."
28.09.2023 kl. 10.35.47,Gir denne utdanningen oss garantert jobb?,Nope. :)
28.09.2023 kl. 10.27.48,Finnes det andre database l√∏sninger enn php og sql?‚ù§Ô∏è,"Ja, firebase og SQLite"
28.09.2023 kl. 10.34.10,Finnes det andre database l√∏sninger enn php og sql?‚ù§Ô∏è,FireBase!
28.09.2023 kl. 10.34.14,Finnes det andre database l√∏sninger enn php og sql?‚ù§Ô∏è,"ja, det finnes firebase."
28.09.2023 kl. 10.38.41,Finnes det andre database l√∏sninger enn php og sql?‚ù§Ô∏è,Man kan bruke Firebase som er et NoSQL database program fra google.
28.09.2023 kl. 10.40.49,Finnes det andre database l√∏sninger enn php og sql?‚ù§Ô∏è,"Firebase, litesql"
28.09.2023 kl. 10.30.02,Finnes det andre database l√∏sninger enn php og sql? ,Firebase og mongodb.
28.09.2023 kl. 14.01.27,er super smash bros et bra spill?,"du kan spille free for all som betyr at du kan spille med hvilken som helst spiller av character selection, og det er last man standing som betyr at det er siste til og ikke falle av stage, "
28.09.2023 kl. 10.20.34,Er koding vanskelig?,"Nei, men det kan v√¶re frustrerande."
28.09.2023 kl. 10.21.18,Er koding vanskelig?,Det er s√• vanskelig du vil det skal v√¶re. Om du har lyst til √• l√¶re det s√• kommer det over tid. Det er mye √• l√¶re men man trenger ikke l√¶re alt samtidig
28.09.2023 kl. 10.21.51,Er koding vanskelig?,Kommer ann p√•. Hvis man f√∏lger med √• er litt interressert s√• g√•r det bra.
28.09.2023 kl. 10.22.18,Er koding vanskelig?,"ja det er ganske vanskelig √• l√¶re seg men det er alt, s√• det handler bare om √• ville l√¶re."
28.09.2023 kl. 10.22.27,Er koding vanskelig?,Vanskelig I begynnelsen.
28.09.2023 kl. 10.24.59,Er koding vanskelig?,"Nah, hvis du er interessert s√• g√•r det fint."
28.09.2023 kl. 10.25.34,Er koding vanskelig?,Ja og nei
28.09.2023 kl. 10.27.09,Er eksamen vanskelig? ,Vet ikke.
28.09.2023 kl. 10.27.10,Er eksamen vanskelig?,"Nei, s√• lenge du faktisk gj√∏r noe og f√∏lger med i timene s√• er det ikke s√• vanskelig √• f√• en ok karakter."
28.09.2023 kl. 10.28.26,Er eksamen vanskelig?,"det vet jeg ikke, jeg har ikke hatt en."
28.09.2023 kl. 10.29.30,Er eksamen vanskelig?,Ikke hvis du f√∏lger med √• tar initiativ til √• l√¶re noe.
28.09.2023 kl. 10.36.40,Er eksamen vanskelig?,"Tja, hvis du forbereder deg godt s√• er det greit.
"
28.09.2023 kl. 10.30.59,Er det vanskelig √• l√¶re programering?,Vi skal ha litt om spillutvikling i VG2 ja.
28.09.2023 kl. 10.32.15,Er det vanskelig √• l√¶re programering?,"Det er vanskeligere for noen enn andre men det er ikke umulig, hvis du tar deg tid til √• l√¶re det s√• kommer du til √• gj√∏re det"
28.09.2023 kl. 10.39.03,Er det vanskelig √• l√¶re programering?,Nei
28.09.2023 kl. 10.25.21,Er det vanskelig √• kode? ,I starten kan det v√¶re vanskelig.
28.09.2023 kl. 10.25.04,Er det vanskelig √• kode?,Det er s√• vanskelig du vil det skal v√¶re. Om du har lyst til √• l√¶re det s√• kommer det over tid. Det er mye √• l√¶re men man trenger ikke l√¶re alt samtidig
28.09.2023 kl. 10.25.49,Er det vanskelig √• kode?,ja men man kan bruke hjelpemidler for √• gj√∏re det lettere.
28.09.2023 kl. 10.26.49,Er det vanskelig √• kode?,Nei.
28.09.2023 kl. 10.33.47,Er det vanskelig √• kode?,"Nei ikke s√• veldig, du m√• bare ha interessen."
28.09.2023 kl. 10.40.36,Er det vanskelig √• kode?,"Det kan virke vanskelig til √• beynne med, men etterhvert som man l√¶rer mer koding blir det lettere √• lettere, s√• lenge man gir litt insats."
28.09.2023 kl. 14.02.43,Er det noen tipps som dere tenker vi trenger √• vite om,N√•r dere har bursdag s√• kan dere f√• en gratis milkshake i kafe diem
28.09.2023 kl. 14.00.53,Er det mulig √• f√• en forh√•ndsvisning av nettsiden min i Visual Studio Code?,"Ja, du kan laste ned en extension kalt ¬´Live Preview¬ª fra Microsoft i Visual Studio Code. Da f√•r du muligheten til √• √•pne en preview/forh√•ndsvisning av webserveren din."
28.09.2023 kl. 14.29.58,elden ring eller botw?,det sp√∏rs p√• om du liker utforsking eller combat. men begge spill er god p√• sin egen m√•te
28.09.2023 kl. 14.08.12,Databaser suger...,SANT!
28.09.2023 kl. 14.33.46,Burde man f√∏lge med n√•r l√¶rerne underviser?,"Hvis du vil f√• en forst√•else for hva de snakker om eller en bra karakter i faget, s√• burde du definitivt f√∏lge med ja. For hvordan du jobber i klasserommet er en stor del av karakteren din. "
28.09.2023 kl. 10.30.24,Burde jeg velge IT eller medie p√• VG2? ,Det du liker best.
28.09.2023 kl. 10.29.49,Burde jeg velge IT eller medie p√• VG2?,"Velg det du liker best √• jobbe med, alt med tech som server, koding, rasberryPi, osv. Er IT, og alt med film, kamra, historieforteling og design er medie."
28.09.2023 kl. 10.35.23,Burde jeg velge IT eller medie p√• VG2?,Det du liker best. Velg riktig for du er stuck med valget i 3+ √•r.
28.09.2023 kl. 10.36.14,Burde jeg velge IT eller medie p√• VG2?,"Velg det du f√∏ler for, men hvis du liker cash cash ching ching dollar dollar bills s√• b√∏r du velge IT"
28.09.2023 kl. 10.39.01,Burde jeg velge IT eller medie p√• VG2?,"IT er best betalt, men krever mye arbeid. Medie kan v√¶re g√∏y men er d√•rlig betalt."
28.09.2023 kl. 10.41.30,Burde jeg velge IT eller medie p√• VG2?,"IT for peng, medie for glede üëç"
28.09.2023 kl. 10.49.28,Burde jeg velge IT eller medie p√• VG2?,"Du m√• velje det du liker best √• jobbe med, men det er alltids rom for √• ombestemme seg. Eg valgte IT fordi jeg liker √• jobbe med IT-drift."
28.09.2023 kl. 13.39.30,Alt jeg vil programmere virker s√• vansklig. Hvordan f√•r man det til?,"Istede for √• se p√• det som ett stort problem. Del det opp i flere sm√• problemer. S√• takler du en og en, og til slutt har du kort deg over det som virket umulig."
28.09.2023 kl. 14.06.18,,
